{"cameraMode":{"drawMode":0,"name":"Shaded","section":"Shading Mode"},"sceneLighting":true,"audioPlay":false,"sceneViewState":{"m_AlwaysRefresh":false,"showFog":true,"showSkybox":true,"showFlares":true,"showImageEffects":true,"showParticleSystems":true,"showVisualEffectGraphs":true,"m_FxEnabled":true},"in2DMode":false,"pivot":{"x":-0.5849654078483582,"y":8.515046119689942,"z":-0.13553547859191895},"rotation":{"x":0.577001690864563,"y":0.0012753845658153296,"z":-0.0007848038803786039,"w":0.8168354034423828},"size":28.246644973754884,"orthographic":true}