{"cameraMode":{"drawMode":0,"name":"Shaded","section":"Shading Mode"},"sceneLighting":true,"audioPlay":false,"sceneViewState":{"m_AlwaysRefresh":false,"showFog":true,"showSkybox":true,"showFlares":true,"showImageEffects":true,"showParticleSystems":true,"showVisualEffectGraphs":true,"m_FxEnabled":true},"in2DMode":false,"pivot":{"x":10.562040328979493,"y":-6.971024036407471,"z":1.6366621255874634},"rotation":{"x":-0.3575868308544159,"y":-0.024829939007759095,"z":0.00950496457517147,"w":-0.9335283041000366},"size":16.284217834472658,"orthographic":false}