{"cameraMode":{"drawMode":0,"name":"Shaded","section":"Shading Mode"},"sceneLighting":true,"audioPlay":false,"sceneViewState":{"m_AlwaysRefresh":false,"showFog":true,"showSkybox":true,"showFlares":true,"showImageEffects":true,"showParticleSystems":true,"showVisualEffectGraphs":true,"m_FxEnabled":true},"in2DMode":false,"pivot":{"x":-13.063661575317383,"y":-135.8740692138672,"z":128.71958923339845},"rotation":{"x":-0.38936132192611697,"y":0.03904365375638008,"z":-0.01653161086142063,"w":-0.9201360940933228},"size":150.39688110351563,"orthographic":false}